Model,Accuracy,Prediction
Most Frequent,0.558207626230882,5.0
Mean,0.20587156924366226,4.0
